Account Name,
Abrazo Homes,
Rausch Coleman Homes,
Brightland Homes [HQ],
Grand Homes,
Beechwood Homes,
Mattamy Homes,
AR Homes by Arthur Rutenberg,
Milestone Community Builders,
Ideal Homes,
Landsea Homes,
Dream Finders Homes,
United Built Homes,
New Home Inc.,
Bishard Development Corp,
Holiday Builders,
Simply Home by Camillo,
Pulte Group,
Epcon Corporate Communities,
Tim O'Brien Homes,
Adair Homes,
DSLD Homes,
Brown Haven Homes,
Visionary Homes,
Meritage Homes,
AR Homes Franchising,
Lexar Homes,
Keystone Custom Home,
Berks Homes,
Eastbrook Homes,
Lowder New Homes,
Marrano Homes - Marc Equity Corp,
A+ Construction & Remodeling,
Wayne Homes,
Olthof Homes,
Corinth Residential,
De Young Properties,
LevelTX Corp,
Flagship Homes (UT),
First Texas Homes,
Pyatt Builders [ACQUIRED],
Schumacher Homes,
Buffington Homes of Arkansas,
Pacific Lifestyle Homes,
Hamlet Homes,
Drees Homes,
Havyn Homes,
MonteVista Homes,
Nilson Homes,
Ashlar Homes,
Kartchner Homes,
Landmark24 Homes,
Sage Homes Iowa,
JTB Homes,
Challenger Homes,
Signature Homes,
Sunrise Homes,
James Monroe Homes,
Windsong Properties,
McKee Homes,
Fieldstone Homes,
Fischer Homes,
Coastal Affaire (Tracewater),
Paran Homes,
Rock Creek Homes,
Panther Builders,
Integrity Homes,
Douglas Homes,
David Weekley Homes,
Home Development Inc (HDI),
Newmark Homes,
Shea Homes,
Arthur Rutenberg Homes,
McKee Builders,
Great Gulf,
JP Brooks Builders,
Mungo Homes,
Hayden Homes,
New Leaf Builders,
Central Builders,
Schuber Mitchell Homes,
McBride Homes,
Architerra Homes,
Cornerstone Development,
